claim_id,member_id,rendering_provider,service_date,diag_code,proc_code,claim_type,billed_amt,paid_amt,status,denial_reason
CLM31000,MBR10004,PRV2007,2026-03-24,I10,99291,Professional,2673.01,0.0,Denied,Member not eligible on service date
CLM31001,MBR10013,PRV2001,2026-03-02,N39.0,93000,Inpatient,1896.83,1540.8,Approved,
CLM31002,MBR10026,PRV2003,2026-03-19,J45.909,99203,Professional,1843.04,1124.05,Paid,
CLM31003,MBR10029,PRV2010,2026-03-16,J45.909,71046,Pharmacy,2583.3,0.0,Denied,
CLM31004,MBR10018,PRV2005,2026-03-26,R51,99396,Outpatient,2700.93,1909.04,Approved,
CLM31005,MBR10017,PRV2012,2026-03-21,N39.0,85025,Inpatient,365.79,338.49,Pending,
CLM31006,MBR10010,PRV2007,2026-03-04,J06.9,93000,Inpatient,884.76,595.54,Paid,
CLM31007,MBR10002,PRV2010,2026-03-09,R51,20610,Professional,4169.75,2638.84,Paid,
CLM31008,,PRV2004,2026-03-25,J06.9,93000,Outpatient,3829.95,3199.26,Pending,
CLM31009,MBR10005,PRV2011,2026-03-21,R51,99213,Inpatient,2695.6,0.0,Denied,Member not eligible on service date
CLM31010,MBR10006,PRV2002,2026-03-24,N39.0,93000,Pharmacy,3324.85,1712.34,Pending,
CLM31011,MBR10020,PRV2005,2026-03-17,J45.909,80053,Pharmacy,787.15,440.39,Pending,
CLM31012,MBR10005,PRV2008,2026-03-26,I10,99203,Outpatient,4064.97,2572.37,Pending,
CLM31013,MBR10001,PRV2009,2026-03-28,K21.9,99214,Pharmacy,3620.98,2990.56,Paid,
CLM31014,MBR10026,PRV2012,2026-03-12,R51,80053,Pharmacy,117.62,87.21,Paid,
CLM31015,MBR10010,PRV2008,2026-03-22,E11.9,90837,Inpatient,3464.81,3198.47,Approved,
CLM31016,MBR10008,PRV2008,2026-03-21,M25.561,80053,Pharmacy,3849.16,2308.01,Approved,
CLM31017,MBR10019,PRV2002,2026-03-10,I10,71046,Outpatient,543.04,282.6,Approved,
CLM31018,MBR10028,PRV2012,2026-03-19,J45.909,36415,Professional,-310.0,1113.14,Paid,
CLM31019,MBR10027,PRV2006,2026-03-02,M54.5,85025,Pharmacy,3511.49,2728.58,Pending,
CLM31020,MBR10014,PRV2009,2026-03-22,R51,93000,Professional,3995.3,3535.65,Approved,
CLM31021,MBR10008,PRV2008,2026-03-28,I10,99291,Outpatient,1708.3,1000.06,Approved,
CLM31022,MBR10001,PRV2006,2026-03-02,M54.5,99203,Outpatient,2716.66,2088.34,Approved,
CLM31023,MBR10009,PRV2004,2026-03-19,K21.9,99203,Professional,344.05,0.0,Denied,Member not eligible on service date
CLM31024,MBR10011,PRV2003,2026-03-18,I10,99291,Professional,1207.92,0.0,Denied,Duplicate claim
CLM31025,MBR10013,PRV2001,2026-03-19,J45.909,80053,Professional,605.67,0.0,Denied,Non-covered service
CLM31026,MBR10004,PRV2008,2026-03-24,E78.5,93000,Professional,584.78,403.17,Approved,
CLM31027,MBR10001,PRV2011,2026-03-24,I25.10,80053,Pharmacy,1931.3,1158.2,Approved,
CLM31028,MBR10016,PRV2007,2026-03-28,R51,99214,Pharmacy,2723.43,1399.89,Paid,
CLM31029,MBR10024,PRV2003,2026-03-11,I10,99203,Inpatient,3009.34,2105.34,Approved,
CLM31030,MBR10024,PRV2009,2026-13-45,N39.0,85025,Pharmacy,2644.67,2018.98,Pending,
CLM31031,MBR10018,PRV2004,,F32.9,93000,Pharmacy,470.6,0.0,Denied,
CLM31032,MBR10013,PRV2011,2026-03-14,N39.0,93000,Outpatient,1710.74,1417.05,Pending,
CLM31033,MBR10004,PRV2002,2026-03-27,F32.9,99214,Inpatient,2903.44,2071.37,Approved,
CLM31034,MBR10005,PRV2007,2026-03-22,K21.9,99291,Pharmacy,3420.72,2566.79,Pending,
CLM31035,MBR10012,PRV2006,2026-03-20,I10,90837,Outpatient,3653.9,3012.56,Pending,
CLM31036,MBR10015,PRV2009,2026-03-12,K21.9,99214,Inpatient,700.58,502.31,Approved,
CLM31037,MBR10029,PRV2011,2026-03-20,M25.561,80053,Professional,2436.77,2103.54,Approved,
CLM31038,MBR10014,PRV2001,2026-03-11,J45.909,99203,Pharmacy,806.92,658.62,Pending,
CLM31039,MBR10028,PRV2009,2026-03-03,M54.5,36415,Pharmacy,348.08,290.1,Approved,
CLM31040,MBR10013,PRV2010,2026-03-24,J06.9,99214,Professional,1938.09,1106.33,Pending,
CLM31041,MBR10004,PRV2005,2026-03-22,E78.5,99291,Pharmacy,704.1,591.09,Approved,
CLM31012,MBR10005,PRV2008,2026-03-26,I10,99203,Outpatient,4064.97,2572.37,Pending,
