claim_id,member_id,provider_id,service_date,diagnosis_code,procedure_code,claim_type,billed_amount,paid_amount,claim_status
CLM11000,MBR10012,PRV2010,2026-01-23,R51,99396,Professional,1589.84,907.78,Pending
CLM11001,MBR10022,PRV2003,2026-01-04,N39.0,99214,Professional,2824.95,2117.5,Pending
CLM11002,MBR10009,PRV2012,2026-01-20,K21.9,71046,Inpatient,3133.61,0.0,Denied
CLM11003,,PRV2007,2026-01-03,N39.0,99213,Professional,2152.39,1319.42,Paid
CLM11004,MBR10028,PRV2008,2026-01-06,I25.10,20610,Pharmacy,1440.92,0.0,Denied
CLM11005,MBR10021,PRV2001,2026-01-05,K21.9,90837,Outpatient,2382.15,1311.0,Pending
CLM11006,MBR10015,PRV2001,2026-01-26,K21.9,71046,Outpatient,1839.32,0.0,Denied
CLM11007,MBR10017,PRV2010,2026-01-28,M25.561,99203,Outpatient,2821.1,1859.54,Pending
CLM11008,MBR10002,PRV2003,2026-01-14,M25.561,93000,Pharmacy,3639.47,3418.53,Paid
CLM11009,MBR10007,PRV2012,2026-01-09,I10,36415,Professional,3381.25,3005.35,Paid
CLM11010,MBR10012,PRV2004,2026-01-12,M54.5,99213,Outpatient,-125.5,0.0,Denied
CLM11011,MBR10011,PRV2006,2026-01-25,R51,99396,Pharmacy,1709.65,1069.17,Paid
CLM11012,MBR10005,PRV2005,2026-01-01,J45.909,90837,Inpatient,2873.21,0.0,Denied
CLM11013,MBR10001,PRV2006,2026-01-24,F32.9,90837,Professional,218.38,0.0,Denied
CLM11014,MBR10027,PRV2007,2026-01-02,E11.9,99396,Outpatient,1654.71,0.0,Denied
CLM11015,MBR10024,PRV2006,2026-01-11,R51,99214,Inpatient,1567.88,833.31,Pending
CLM11016,MBR10027,PRV2005,2026-01-13,I25.10,99203,Outpatient,2159.49,0.0,Denied
CLM11017,MBR10022,PRV2003,2026-01-24,J06.9,90837,Inpatient,1800.65,1662.29,Pending
CLM11018,MBR10009,PRV2007,2026-01-10,J06.9,90837,Inpatient,1741.15,0.0,Denied
CLM11019,MBR10019,PRV2012,2026-01-17,J45.909,99291,Professional,1985.05,1387.49,Paid
CLM11020,MBR10004,PRV2004,,R51,80053,Outpatient,1234.88,986.34,Pending
CLM11021,MBR10019,PRV2010,2026-01-08,I10,85025,Pharmacy,3399.17,1924.98,Paid
CLM11022,MBR10016,PRV2008,2026-01-23,F32.9,71046,Outpatient,3728.61,2830.21,Pending
CLM11023,MBR10017,PRV2004,2026-01-25,J45.909,20610,Pharmacy,2776.08,1394.97,Paid
CLM11024,MBR10006,PRV2008,2026-01-15,R51,99396,Inpatient,267.9,163.99,Paid
CLM11025,MBR10028,PRV2009,2026-01-27,F32.9,99396,Pharmacy,3993.16,3598.4,Pending
CLM11026,MBR10011,PRV2004,2026-01-15,R51,80053,Pharmacy,3774.44,0.0,Denied
CLM11027,MBR10012,PRV2004,2026-01-23,N39.0,93000,Inpatient,2654.74,1655.41,Paid
CLM11028,MBR10016,PRV2012,2026-01-08,J45.909,20610,Outpatient,3757.13,2014.8,Paid
CLM11029,MBR10017,PRV2001,2026-01-15,M54.5,36415,Pharmacy,325.91,222.73,Pending
CLM11030,MBR10015,PRV2010,2026-01-01,F32.9,85025,Professional,3806.03,2903.38,Pending
CLM11031,MBR10022,PRV2007,2026-01-28,I25.10,20610,Outpatient,3962.95,0.0,Denied
CLM11032,MBR10016,PRV2006,2026-01-01,R51,99291,Pharmacy,2081.27,0.0,Denied
CLM11033,MBR10021,PRV2001,2026-01-20,F32.9,90837,Professional,3058.11,2685.72,Paid
CLM11034,MBR10003,PRV2005,2026-01-06,F32.9,93000,Outpatient,407.54,0.0,Denied
CLM11035,MBR10030,PRV2007,2026-01-09,N39.0,99214,Pharmacy,1942.46,0.0,Denied
CLM11036,MBR10025,PRV2002,2026-01-08,R51,99213,Professional,140.25,0.0,Denied
CLM11037,MBR10006,PRV2004,2026-01-20,J45.909,85025,Professional,3991.39,2353.77,Paid
CLM11038,MBR10030,PRV2006,2026-01-09,J45.909,90837,Professional,2394.83,1432.31,Pending
CLM11039,MBR10023,PRV2001,2026-01-04,N39.0,90837,Pharmacy,3280.06,0.0,Denied
CLM11040,MBR10027,PRV2011,2026-01-19,M54.5,99214,Inpatient,1702.15,1398.75,Paid
CLM11041,MBR10023,PRV2001,2026-01-26,K21.9,99396,Pharmacy,3580.21,2757.42,Paid
CLM11042,MBR10002,PRV2007,2026-01-11,E78.5,99214,Pharmacy,2798.7,1486.2,Pending
CLM11043,MBR10006,PRV2007,2026-01-23,J45.909,20610,Inpatient,4037.66,0.0,Denied
CLM11044,MBR10017,PRV2012,2026-01-15,J06.9,80053,Inpatient,2609.88,0.0,Denied
CLM11007,MBR10017,PRV2010,2026-01-28,M25.561,99203,Outpatient,2821.1,1859.54,Pending
