ClaimID,MemberID,ProviderID,ServiceDate,DiagnosisCode,ProcedureCode,BilledAmount,PaidAmount,ClaimStatus
CLM21000,MBR10022,PRV2008,02/09/2026,M54.5,85025,3586.09,3133.63,PAID
CLM21001,MBR10019,PRV2004,02/06/2026,K21.9,80053,1452.68,0.0,Denied
CLM21002,MBR10002,PRV2009,02/18/2026,M54.5,99214,1217.79,0.0,Denied
CLM21003,MBR10027,PRV2008,02/08/2026,R51,20610,3041.11,2189.17, Paid 
CLM21004,MBR10016,PRV2012,02/08/2026,M54.5,80053,1915.44,0.0,Denied
CLM21005,,PRV2006,02/24/2026,K21.9,20610,2019.3,0.0,DENIED
CLM21006,MBR10009,PRV2006,02/24/2026,I10,20610,1181.59,724.47,PAID
CLM21007,MBR10023,PRV2009,02/24/2026,J06.9,80053,852.98,0.0,Denied
CLM21008,MBR10012,PRV2001,02/06/2026,M25.561,99396,3507.08,0.0,Denied
CLM21009,MBR10027,PRV2003,02/10/2026,R51,85025,1195.65,1122.04,Pending
CLM21010,MBR10018,PRV2006,02/16/2026,J45.909,99213,3673.06,0.0,DENIED
CLM21011,MBR10016,PRV2008,02/03/2026,I10,90837,3956.0,2828.45, Paid 
CLM21012,MBR10010,PRV2002,02/03/2026,I25.10,36415,688.15,0.0,Denied
CLM21013,MBR10015,PRV2010,02/10/2026,F32.9,80053,3271.37,0.0,DENIED
CLM21014,MBR10025,PRV2004,02/07/2026,N39.0,99291,2583.87,2152.47, Paid 
CLM21015,MBR10002,PRV2007,02/06/2026,E78.5,20610,-60.0,410.66,PAID
CLM21016,MBR10027,PRV2008,02/10/2026,I10,99291,1265.81,764.76,pending
CLM21017,MBR10026,PRV2004,02/19/2026,F32.9,99214,3884.99,3319.81,pending
CLM21018,MBR10004,PRV2001,02/05/2026,J45.909,80053,2741.21,2491.17, Paid 
CLM21019,MBR10016,PRV2005,02/23/2026,I25.10,99396,1878.1,0.0,Denied
CLM21020,MBR10013,PRV2010,02/24/2026,N39.0,99213,1872.32,0.0,DENIED
CLM21021,MBR10023,PRV2001,02/19/2026,R51,80053,1007.75,809.66, Paid 
CLM21022,MBR10018,PRV2005,02/21/2026,J45.909,90837,3219.27,1863.43,Pending
CLM21023,MBR10014,PRV2007,02/16/2026,K21.9,93000,2688.01,1938.8,PAID
CLM21024,MBR10012,PRV2011,02/16/2026,F32.9,99396,3611.02,2341.43,pending
CLM21002,MBR10030,PRV2007,02/04/2026,I25.10,99213,1942.98,0.0,Denied
CLM21026,MBR10030,PRV2008,02/20/2026,R51,85025,1770.84,0.0,Denied
CLM21027,MBR10022,PRV2012,02/15/2026,E78.5,99214,902.73,0.0,Denied
CLM21028,MBR10007,PRV2005,02/23/2026,I25.10,99213,4088.83,3164.72,paid
CLM21029,MBR10005,PRV2011,02/15/2026,J45.909,85025,445.89,422.04,PAID
CLM21030,MBR10019,PRV2004,02/16/2026,E78.5,99396,2166.73,1349.96, Paid 
CLM21031,MBR10022,PRV2003,02/24/2026,I10,80053,1648.05,1507.7,Pending
CLM21032,MBR10002,PRV2005,02/27/2026,M25.561,80053,1467.08,0.0,Denied
CLM21033,MBR10013,PRV2009,02/12/2026,I25.10,36415,3642.18,0.0,DENIED
CLM21034,MBR10023,PRV2007,02/08/2026,M54.5,36415,3922.01,3495.77,pending
CLM21035,MBR10016,PRV2011,02/13/2026,R51,99203,1377.25,981.76, Paid 
CLM21036,MBR10015,PRV2002,02/11/2026,E78.5,99214,4054.37,2257.52,Pending
CLM21037,MBR10006,PRV2002,02/21/2026,E78.5,80053,123.54,69.78, Paid 
CLM21038,MBR10013,PRV2011,02/28/2026,I25.10,36415,2640.29,1792.41,PAID
CLM21039,MBR10021,PRV2001,02/28/2026,J06.9,99214,2654.95,0.0,DENIED
